%leaf_name;label_transformation;transformation_expression;leaf_name_aos_indices;length_i;length_j
%;;;;set length to '[1]' for i or j so if no {i} or {j} in leaf_name_aos_indices do the whole just once;
bolometer.grid.dim1;grid_type_dim1_like;grid_type_transformation(index_grid_type,1);bolometer.grid.dim1;[1];[1]
bolometer.grid.dim2;grid_type_dim2_like;grid_type_transformation(index_grid_type,2);bolometer.grid.dim2;[1];[1]
core_instant_changes.vacuum_toroidal_field.b0;b0_like;.sigma_b0_eff;core_instant_changes.vacuum_toroidal_field.b0;[1];[1]
core_instant_changes.change.profiles_1d.grid.psi;psi_like;.fact_psi;core_instant_changes.change{i}.profiles_1d{j}.grid.psi;core_instant_changes.change;core_instant_changes.change{i}.profiles_1d
core_instant_changes.change.profiles_1d.q;q_like;.fact_q;core_instant_changes.change{i}.profiles_1d{j}.q;core_instant_changes.change;core_instant_changes.change{i}.profiles_1d
core_profiles.profiles_1d.grid.psi;psi_like;.fact_psi;core_profiles.profiles_1d{i}.grid.psi;core_profiles.profiles_1d;[1]
core_profiles.profiles_1d.q;q_like;.fact_q;core_profiles.profiles_1d{i}.q;core_profiles.profiles_1d;[1]
core_profiles.profiles_2d.grid.dim1;grid_type_dim1_like;grid_type_transformation(index_grid_type,1);core_profiles.profiles_2d{i}.grid.dim1;core_profiles.profiles_2d;[1]
core_profiles.profiles_2d.grid.dim2;grid_type_dim2_like;grid_type_transformation(index_grid_type,2);core_profiles.profiles_2d{i}.grid.dim2;core_profiles.profiles_2d;[1]
core_profiles.global_quantities.ip;ip_like;.sigma_ip_eff;core_profiles.global_quantities.ip;[1];[1]
core_profiles.global_quantities.current_non_inductive;ip_like;.sigma_ip_eff;core_profiles.global_quantities.current_non_inductive;[1];[1]
core_profiles.global_quantities.current_bootstrap;ip_like;.sigma_ip_eff;core_profiles.global_quantities.current_bootstrap;[1];[1]
core_profiles.global_quantities.v_loop;ip_like;.sigma_ip_eff;core_profiles.global_quantities.v_loop;[1];[1]
core_profiles.vacuum_toroidal_field.b0;b0_like;.sigma_b0_eff;core_profiles.vacuum_toroidal_field.b0;[1];[1]
core_sources.vacuum_toroidal_field.b0;b0_like;.sigma_b0_eff;core_sources.vacuum_toroidal_field.b0;[1];[1]
core_sources.source.profiles_1d.grid.psi;psi_like;.fact_psi;core_sources.source{i}.profiles_1d{j}.grid.psi;core_sources.source;core_sources.source{i}.profiles_1d
core_transport.vacuum_toroidal_field.b0;b0_like;.sigma_b0_eff;core_transport.vacuum_toroidal_field.b0;[1];[1]
core_transport.model.profiles_1d.grid.psi;psi_like;.fact_psi;core_transport.model{i}.profiles_1d{j}.grid.psi;core_transport.model;core_transport.model{i}.profiles_1d
core_transport.model.profiles_1d.grid.psi;psi_like;.fact_psi;core_transport.model{i}.profiles_1d{j}.grid.psi;core_transport.model;core_transport.model{i}.profiles_1d
core_transport.model.profiles_1d.grid.psi;psi_like;.fact_psi;core_transport.model{i}.profiles_1d{j}.grid.psi;core_transport.model;core_transport.model{i}.profiles_1d
disruption.profiles_1d.grid.psi;psi_like;.fact_psi;disruption.profiles_1d{i}.grid.psi;disruption.profiles_1d;[1]
disruption.vacuum_toroidal_field.b0;b0_like;.sigma_b0_eff;disruption.vacuum_toroidal_field.b0;[1];[1]
distribution_sources.source.profiles_1d.grid.psi;psi_like;.fact_psi;distribution_sources.source{i}.profiles_1d{j}.grid.psi;distribution_sources.source;distribution_sources.source{i}.profiles_1d
distribution_sources.vacuum_toroidal_field.b0;b0_like;.sigma_b0_eff;distribution_sources.vacuum_toroidal_field.b0;[1];[1]
distributions.distribution.profiles_1d.grid.psi;psi_like;.fact_psi;distributions.distribution{i}.profiles_1d{j}.grid.psi;distributions.distribution;distributions.distribution{i}.profiles_1d
distributions.vacuum_toroidal_field.b0;b0_like;.sigma_b0_eff;distributions.vacuum_toroidal_field.b0;[1];[1]
ec_launchers.launcher.steering_angle_tor.data;tor_angle_like;.sigma_rphiz_eff;ec_launchers.launcher{i}.steering_angle_tor.data;ec_launchers.launcher;[1]
edge_profiles.vacuum_toroidal_field.b0;b0_like;.sigma_b0_eff;edge_profiles.vacuum_toroidal_field.b0;[1];[1]
edge_profiles.profiles_1d.q;q_like;.fact_q;edge_profiles.profiles_1d{i}.q;edge_profiles.profiles_1d;[1]
equilibrium.vacuum_toroidal_field.b0;b0_like;.sigma_b0_eff;equilibrium.vacuum_toroidal_field.b0;[1];[1]
equilibrium.time_slice.constraints.bpol_probe.measured;one_like;'1';equilibrium.time_slice{i}.constraints.bpol_probe{j}.measured;equilibrium.time_slice;equilibrium.time_slice{i}.constraints.bpol_probe
equilibrium.time_slice.constraints.bpol_probe.reconstructed;one_like;'1';equilibrium.time_slice{i}.constraints.bpol_probe{j}.reconstructed;equilibrium.time_slice;equilibrium.time_slice{i}.constraints.bpol_probe
equilibrium.time_slice.constraints.diamagnetic_flux.measured;b0_like;.sigma_b0_eff;equilibrium.time_slice{i}.constraints.diamagnetic_flux.measured;equilibrium.time_slice;[1]
equilibrium.time_slice.constraints.diamagnetic_flux.reconstructed;b0_like;.sigma_b0_eff;equilibrium.time_slice{i}.constraints.diamagnetic_flux.reconstructed;equilibrium.time_slice;[1]
equilibrium.time_slice.constraints.flux_loop.measured;psi_like;.fact_psi;equilibrium.time_slice{i}.constraints.flux_loop{j}.measured;equilibrium.time_slice;equilibrium.time_slice{i}.constraints.flux_loop
equilibrium.time_slice.constraints.flux_loop.reconstructed;psi_like;.fact_psi;equilibrium.time_slice{i}.constraints.flux_loop{j}.reconstructed;equilibrium.time_slice;equilibrium.time_slice{i}.constraints.flux_loop
equilibrium.time_slice.constraints.ip.measured;ip_like;.sigma_ip_eff;equilibrium.time_slice{i}.constraints.ip.measured;equilibrium.time_slice;[1]
equilibrium.time_slice.constraints.ip.reconstructed;ip_like;.sigma_ip_eff;equilibrium.time_slice{i}.constraints.ip.reconstructed;equilibrium.time_slice;[1]
IDSPATH.grid.psi;psi_like;.fact_psi;IDSPATH.grid.psi;[1];[1]
equilibrium.time_slice.constraints.pf_current.measured;ip_like;.sigma_ip_eff;equilibrium.time_slice{i}.constraints.pf_current{j}.measured;equilibrium.time_slice;equilibrium.time_slice{i}.constraints.pf_current
equilibrium.time_slice.constraints.pf_current.reconstructed;ip_like;.sigma_ip_eff;equilibrium.time_slice{i}.constraints.pf_current{j}.reconstructed;equilibrium.time_slice;equilibrium.time_slice{i}.constraints.pf_current
IDSPATH.grid.psi;psi_like;.fact_psi;IDSPATH.grid.psi;[1];[1]
IDSPATH.grid.psi;psi_like;.fact_psi;IDSPATH.grid.psi;[1];[1]
IDSPATH.grid.psi;psi_like;.fact_psi;IDSPATH.grid.psi;[1];[1]
IDSPATH.grid.psi;psi_like;.fact_psi;IDSPATH.grid.psi;[1];[1]
IDSPATH.grid.psi;psi_like;.fact_psi;IDSPATH.grid.psi;[1];[1]
IDSPATH.grid.psi;psi_like;.fact_psi;IDSPATH.grid.psi;[1];[1]
equilibrium.time_slice.global_quantities.ip;ip_like;.sigma_ip_eff;equilibrium.time_slice{i}.global_quantities.ip;equilibrium.time_slice;[1]
equilibrium.time_slice.global_quantities.psi_axis;psi_like;.fact_psi;equilibrium.time_slice{i}.global_quantities.psi_axis;equilibrium.time_slice;[1]
equilibrium.time_slice.global_quantities.psi_boundary;psi_like;.fact_psi;equilibrium.time_slice{i}.global_quantities.psi_boundary;equilibrium.time_slice;[1]
equilibrium.time_slice.global_quantities.magnetic_axis.b_tor;b0_like;.sigma_b0_eff;equilibrium.time_slice{i}.global_quantities.magnetic_axis.b_tor;equilibrium.time_slice;[1]
equilibrium.time_slice.global_quantities.magnetic_axis.b_field_tor;b0_like;.sigma_b0_eff;equilibrium.time_slice{i}.global_quantities.magnetic_axis.b_field_tor;equilibrium.time_slice;[1]
equilibrium.time_slice.global_quantities.magnetic_axis.b_field_phi;b0_like;.sigma_b0_eff;equilibrium.time_slice{i}.global_quantities.magnetic_axis.b_field_phi;equilibrium.time_slice;[1]
equilibrium.time_slice.global_quantities.q_axis;q_like;.fact_q;equilibrium.time_slice{i}.global_quantities.q_axis;equilibrium.time_slice;[1]
equilibrium.time_slice.global_quantities.q_95;q_like;.fact_q;equilibrium.time_slice{i}.global_quantities.q_95;equilibrium.time_slice;[1]
equilibrium.time_slice.global_quantities.q_min.value;q_like;.fact_q;equilibrium.time_slice{i}.global_quantities.q_min.value;equilibrium.time_slice;[1]
equilibrium.time_slice.global_quantities.psi_external_average;psi_like;.fact_psi;equilibrium.time_slice{i}.global_quantities.psi_external_average;equilibrium.time_slice;[1]
equilibrium.time_slice.global_quantities.v_external;ip_like;.sigma_ip_eff;equilibrium.time_slice{i}.global_quantities.v_external;equilibrium.time_slice;[1]
equilibrium.time_slice.profiles_1d.psi;psi_like;.fact_psi;equilibrium.time_slice{i}.profiles_1d.psi;equilibrium.time_slice;[1]
equilibrium.time_slice.profiles_1d.phi;b0_like;.sigma_b0_eff;equilibrium.time_slice{i}.profiles_1d.phi;equilibrium.time_slice;[1]
equilibrium.time_slice.profiles_1d.f;b0_like;.sigma_b0_eff;equilibrium.time_slice{i}.profiles_1d.f;equilibrium.time_slice;[1]
equilibrium.time_slice.profiles_1d.dpressure_dpsi;dodpsi_like;.fact_dodpsi;equilibrium.time_slice{i}.profiles_1d.dpressure_dpsi;equilibrium.time_slice;[1]
equilibrium.time_slice.profiles_1d.f_df_dpsi;dodpsi_like;.fact_dodpsi;equilibrium.time_slice{i}.profiles_1d.f_df_dpsi;equilibrium.time_slice;[1]
equilibrium.time_slice.profiles_1d.j_tor;ip_like;.sigma_ip_eff;equilibrium.time_slice{i}.profiles_1d.j_tor;equilibrium.time_slice;[1]
equilibrium.time_slice.profiles_1d.j_phi;ip_like;.sigma_ip_eff;equilibrium.time_slice{i}.profiles_1d.j_phi;equilibrium.time_slice;[1]
equilibrium.time_slice.profiles_1d.j_parallel;ip_like;.sigma_ip_eff;equilibrium.time_slice{i}.profiles_1d.j_parallel;equilibrium.time_slice;[1]
equilibrium.time_slice.profiles_1d.q;q_like;.fact_q;equilibrium.time_slice{i}.profiles_1d.q;equilibrium.time_slice;[1]
equilibrium.time_slice.profiles_1d.dpsi_drho_tor;psi_like;.fact_psi;equilibrium.time_slice{i}.profiles_1d.dpsi_drho_tor;equilibrium.time_slice;[1]
equilibrium.time_slice.profiles_1d.dvolume_dpsi;dodpsi_like;.fact_dodpsi;equilibrium.time_slice{i}.profiles_1d.dvolume_dpsi;equilibrium.time_slice;[1]
equilibrium.time_slice.profiles_1d.darea_dpsi;dodpsi_like;.fact_dodpsi;equilibrium.time_slice{i}.profiles_1d.darea_dpsi;equilibrium.time_slice;[1]
equilibrium.time_slice.profiles_2d.grid.dim1;grid_type_dim1_like;grid_type_transformation(index_grid_type,1);equilibrium.time_slice{i}.profiles_2d{j}.grid.dim1;equilibrium.time_slice;equilibrium.time_slice{i}.profiles_2d
equilibrium.time_slice.profiles_2d.grid.dim2;grid_type_dim2_like;grid_type_transformation(index_grid_type,2);equilibrium.time_slice{i}.profiles_2d{j}.grid.dim2;equilibrium.time_slice;equilibrium.time_slice{i}.profiles_2d
equilibrium.time_slice.profiles_2d.psi;psi_like;.fact_psi;equilibrium.time_slice{i}.profiles_2d{j}.psi;equilibrium.time_slice;equilibrium.time_slice{i}.profiles_2d
equilibrium.time_slice.profiles_2d.phi;b0_like;.sigma_b0_eff;equilibrium.time_slice{i}.profiles_2d{j}.phi;equilibrium.time_slice;equilibrium.time_slice{i}.profiles_2d
equilibrium.time_slice.profiles_2d.j_tor;ip_like;.sigma_ip_eff;equilibrium.time_slice{i}.profiles_2d{j}.j_tor;equilibrium.time_slice;equilibrium.time_slice{i}.profiles_2d
equilibrium.time_slice.profiles_2d.j_phi;ip_like;.sigma_ip_eff;equilibrium.time_slice{i}.profiles_2d{j}.j_phi;equilibrium.time_slice;equilibrium.time_slice{i}.profiles_2d
equilibrium.time_slice.profiles_2d.j_parallel;ip_like;.sigma_ip_eff;equilibrium.time_slice{i}.profiles_2d{j}.j_parallel;equilibrium.time_slice;equilibrium.time_slice{i}.profiles_2d
equilibrium.time_slice.profiles_2d.b_field_phi;b0_like;.sigma_b0_eff;equilibrium.time_slice{i}.profiles_2d{j}.b_field_phi;equilibrium.time_slice;equilibrium.time_slice{i}.profiles_2d
equilibrium.time_slice.profiles_2d.b_field_tor;b0_like;.sigma_b0_eff;equilibrium.time_slice{i}.profiles_2d{j}.b_field_tor;equilibrium.time_slice;equilibrium.time_slice{i}.profiles_2d
equilibrium.time_slice.coordinate_system.grid.dim1;grid_type_dim1_like;grid_type_transformation(index_grid_type,1);equilibrium.time_slice{i}.coordinate_system.grid.dim1;equilibrium.time_slice;[1]
equilibrium.time_slice.coordinate_system.grid.dim2;grid_type_dim2_like;grid_type_transformation(index_grid_type,2);equilibrium.time_slice{i}.coordinate_system.grid.dim2;equilibrium.time_slice;[1]
equilibrium.time_slice.coordinate_system.tensor_covariant;grid_type_tensor_covariant_like;grid_type_transformation(index_grid_type,4);equilibrium.time_slice{i}.coordinate_system.tensor_covariant;equilibrium.time_slice;[1]
equilibrium.time_slice.coordinate_system.tensor_contravariant;grid_type_tensor_contravariant_like;grid_type_transformation(index_grid_type,4);equilibrium.time_slice{i}.coordinate_system.tensor_contravariant;equilibrium.time_slice;[1]
equilibrium.time_slice.coordinate_system.g11_contravariant;grid_type_dim1_dim1_like;.fact_dim1*.fact_dim1;equilibrium.time_slice{i}.coordinate_system.g11_contravariant;equilibrium.time_slice;[1]
equilibrium.time_slice.coordinate_system.g12_contravariant;grid_type_dim1_dim2_like;.fact_dim1*.fact_dim2;equilibrium.time_slice{i}.coordinate_system.g12_contravariant;equilibrium.time_slice;[1]
equilibrium.time_slice.coordinate_system.g13_contravariant;grid_type_dim1_dim3_like;.fact_dim1*.fact_dim3;equilibrium.time_slice{i}.coordinate_system.g13_contravariant;equilibrium.time_slice;[1]
equilibrium.time_slice.coordinate_system.g22_contravariant;grid_type_dim2_dim2_like;.fact_dim2*.fact_dim2;equilibrium.time_slice{i}.coordinate_system.g22_contravariant;equilibrium.time_slice;[1]
equilibrium.time_slice.coordinate_system.g23_contravariant;grid_type_dim2_dim3_like;.fact_dim2*.fact_dim3;equilibrium.time_slice{i}.coordinate_system.g23_contravariant;equilibrium.time_slice;[1]
equilibrium.time_slice.coordinate_system.g33_contravariant;grid_type_dim3_dim3_like;.fact_dim3*.fact_dim3;equilibrium.time_slice{i}.coordinate_system.g33_contravariant;equilibrium.time_slice;[1]
magnetics.flux_loop.flux.data;psi_like;.fact_psi;magnetics.flux_loop{i}.flux.data;magnetics.flux_loop;[1]
magnetics.bpol_probe.poloidal_angle;pol_angle_like;.fact_dtheta;magnetics.bpol_probe{i}.poloidal_angle;magnetics.bpol_probe;[1]
magnetics.bpol_probe.toroidal_angle;tor_angle_like;.sigma_rphiz_eff;magnetics.bpol_probe{i}.toroidal_angle;magnetics.bpol_probe;[1]
magnetics.bpol_probe.field.data;one_like;'1';magnetics.bpol_probe{i}.field.data;magnetics.bpol_probe;[1]
magnetics.b_field_pol_probe.poloidal_angle;pol_angle_like;.fact_dtheta;magnetics.b_field_pol_probe{i}.poloidal_angle;magnetics.b_field_pol_probe;[1]
magnetics.b_field_pol_probe.toroidal_angle;tor_angle_like;.sigma_rphiz_eff;magnetics.b_field_pol_probe{i}.toroidal_angle;magnetics.b_field_pol_probe;[1]
magnetics.b_field_pol_probe.field.data;one_like;'1';magnetics.b_field_pol_probe{i}.field.data;magnetics.b_field_pol_probe;[1]
magnetics.b_field_tor_probe.poloidal_angle;pol_angle_like;.fact_dtheta;magnetics.b_field_tor_probe{i}.poloidal_angle;magnetics.b_field_tor_probe;[1]
magnetics.b_field_tor_probe.toroidal_angle;tor_angle_like;.sigma_rphiz_eff;magnetics.b_field_tor_probe{i}.toroidal_angle;magnetics.b_field_tor_probe;[1]
magnetics.b_field_tor_probe.field.data;one_like;'1';magnetics.b_field_tor_probe{i}.field.data;magnetics.b_field_tor_probe;[1]
magnetics.b_field_phi_probe.poloidal_angle;pol_angle_like;.fact_dtheta;magnetics.b_field_phi_probe{i}.poloidal_angle;magnetics.b_field_phi_probe;[1]
magnetics.b_field_phi_probe.toroidal_angle;tor_angle_like;.sigma_rphiz_eff;magnetics.b_field_phi_probe{i}.toroidal_angle;magnetics.b_field_phi_probe;[1]
magnetics.b_field_phi_probe.field.data;one_like;'1';magnetics.b_field_phi_probe{i}.field.data;magnetics.b_field_phi_probe;[1]
magnetics.method.ip.data;ip_like;.sigma_ip_eff;magnetics.method{i}.ip.data;magnetics.method;[1]
magnetics.ip.data;ip_like;.sigma_ip_eff;magnetics.ip{i}.data;magnetics.ip;[1]
magnetics.diamagnetic_flux.data;b0_like;.sigma_b0_eff;magnetics.diamagnetic_flux{i}.data;magnetics.diamagnetic_flux;[1]
mhd_linear.vacuum_toroidal_field.b0;b0_like;.sigma_b0_eff;mhd_linear.vacuum_toroidal_field.b0;[1];[1]
mhd_linear.time_slice.toroidal_mode.plasma.grid.dim1;grid_type_dim1_like;grid_type_transformation(index_grid_type,1);mhd_linear.time_slice{i}.toroidal_mode{j}.plasma.grid.dim1;mhd_linear.time_slice;mhd_linear.time_slice{i}.toroidal_mode
mhd_linear.time_slice.toroidal_mode.plasma.grid.dim2;grid_type_dim2_like;grid_type_transformation(index_grid_type,2);mhd_linear.time_slice{i}.toroidal_mode{j}.plasma.grid.dim2;mhd_linear.time_slice;mhd_linear.time_slice{i}.toroidal_mode
mhd_linear.time_slice.toroidal_mode.plasma.coordinate_system.grid.dim1;grid_type_dim1_like;grid_type_transformation(index_grid_type,1);mhd_linear.time_slice{i}.toroidal_mode{j}.plasma.coordinate_system.grid.dim1;mhd_linear.time_slice;mhd_linear.time_slice{i}.toroidal_mode
mhd_linear.time_slice.toroidal_mode.plasma.coordinate_system.grid.dim2;grid_type_dim2_like;grid_type_transformation(index_grid_type,2);mhd_linear.time_slice{i}.toroidal_mode{j}.plasma.coordinate_system.grid.dim2;mhd_linear.time_slice;mhd_linear.time_slice{i}.toroidal_mode
mhd_linear.time_slice.toroidal_mode.vacuum.grid.dim1;grid_type_dim1_like;grid_type_transformation(index_grid_type,1);mhd_linear.time_slice{i}.toroidal_mode{j}.vacuum.grid.dim1;mhd_linear.time_slice;mhd_linear.time_slice{i}.toroidal_mode
mhd_linear.time_slice.toroidal_mode.vacuum.grid.dim2;grid_type_dim2_like;grid_type_transformation(index_grid_type,2);mhd_linear.time_slice{i}.toroidal_mode{j}.vacuum.grid.dim2;mhd_linear.time_slice;mhd_linear.time_slice{i}.toroidal_mode
mhd_linear.time_slice.toroidal_mode.vacuum.coordinate_system.grid.dim1;grid_type_dim1_like;grid_type_transformation(index_grid_type,1);mhd_linear.time_slice{i}.toroidal_mode{j}.vacuum.coordinate_system.grid.dim1;mhd_linear.time_slice;mhd_linear.time_slice{i}.toroidal_mode
mhd_linear.time_slice.toroidal_mode.vacuum.coordinate_system.grid.dim2;grid_type_dim2_like;grid_type_transformation(index_grid_type,2);mhd_linear.time_slice{i}.toroidal_mode{j}.vacuum.coordinate_system.grid.dim2;mhd_linear.time_slice;mhd_linear.time_slice{i}.toroidal_mode
nbi.unit.beamlets_group.position.phi;tor_angle_like;.sigma_rphiz_eff;nbi.unit{i}.beamlets_group{j}.position.phi;nbi.unit;nbi.unit{i}.beamlets_group
nbi.unit.beamlets_group.direction;tor_angle_like;.sigma_rphiz_eff;nbi.unit{i}.beamlets_group{j}.direction;nbi.unit;nbi.unit{i}.beamlets_group
nbi.unit.beamlets_group.beamlets.positions.phi;tor_angle_like;.sigma_rphiz_eff;nbi.unit{i}.beamlets_group{j}.beamlets.positions.phi;nbi.unit;nbi.unit{i}.beamlets_group
ntms.vacuum_toroidal_field.b0;b0_like;.sigma_b0_eff;ntms.vacuum_toroidal_field.b0;[1];[1]
pf_active.coil.current.data;ip_like;.sigma_ip_eff;pf_active.coil{i}.current.data;pf_active.coil;[1]
pf_active.circuit.current.data;ip_like;.sigma_ip_eff;pf_active.circuit{i}.current.data;pf_active.circuit;[1]
pf_active.supply.current.data;ip_like;.sigma_ip_eff;pf_active.supply{i}.current.data;pf_active.supply;[1]
equilibrium.time_slice.profiles_2d.grid.dim1;grid_type_dim1_like;grid_type_transformation(index_grid_type,1);equilibrium.time_slice{i}.profiles_2d{j}.grid.dim1;equilibrium.time_slice;equilibrium.time_slice{i}.profiles_2d
equilibrium.time_slice.profiles_2d.grid.dim2;grid_type_dim2_like;grid_type_transformation(index_grid_type,2);equilibrium.time_slice{i}.profiles_2d{j}.grid.dim2;equilibrium.time_slice;equilibrium.time_slice{i}.profiles_2d
plasma_initiation.profiles_2d.grid.dim1;grid_type_dim1_like;grid_type_transformation(index_grid_type,1);plasma_initiation.profiles_2d{i}.grid.dim1;plasma_initiation.profiles_2d;[1]
plasma_initiation.profiles_2d.grid.dim2;grid_type_dim2_like;grid_type_transformation(index_grid_type,2);plasma_initiation.profiles_2d{i}.grid.dim2;plasma_initiation.profiles_2d;[1]
plasma_profiles.vacuum_toroidal_field.b0;b0_like;.sigma_b0_eff;plasma_profiles.vacuum_toroidal_field.b0;[1];[1]
plasma_profiles.global_quantities.ip;ip_like;.sigma_ip_eff;plasma_profiles.global_quantities.ip;[1];[1]
plasma_profiles.global_quantities.current_non_inductive;ip_like;.sigma_ip_eff;plasma_profiles.global_quantities.current_non_inductive;[1];[1]
plasma_profiles.global_quantities.current_bootstrap;ip_like;.sigma_ip_eff;plasma_profiles.global_quantities.current_bootstrap;[1];[1]
plasma_profiles.global_quantities.v_loop;ip_like;.sigma_ip_eff;plasma_profiles.global_quantities.v_loop;[1];[1]
plasma_profiles.profiles_1d.q;q_like;.fact_q;plasma_profiles.profiles_1d{i}.q;plasma_profiles.profiles_1d;[1]
core_profiles.profiles_2d.grid.dim1;grid_type_dim1_like;grid_type_transformation(index_grid_type,1);core_profiles.profiles_2d{i}.grid.dim1;core_profiles.profiles_2d;[1]
core_profiles.profiles_2d.grid.dim2;grid_type_dim2_like;grid_type_transformation(index_grid_type,2);core_profiles.profiles_2d{i}.grid.dim2;core_profiles.profiles_2d;[1]
plasma_sources.vacuum_toroidal_field.b0;b0_like;.sigma_b0_eff;plasma_sources.vacuum_toroidal_field.b0;[1];[1]
plasma_transport.vacuum_toroidal_field.b0;b0_like;.sigma_b0_eff;plasma_transport.vacuum_toroidal_field.b0;[1];[1]
radiation.vacuum_toroidal_field.b0;b0_like;.sigma_b0_eff;radiation.vacuum_toroidal_field.b0;[1];[1]
radiation.process.profiles_1d.grid.psi;psi_like;.fact_psi;radiation.process{i}.profiles_1d{j}.grid.psi;radiation.process;radiation.process{i}.profiles_1d
runaway_electrons.profiles_1d.grid.psi;psi_like;.fact_psi;runaway_electrons.profiles_1d{i}.grid.psi;runaway_electrons.profiles_1d;[1]
runaway_electrons.vacuum_toroidal_field.b0;b0_like;.sigma_b0_eff;runaway_electrons.vacuum_toroidal_field.b0;[1];[1]
sawteeth.vacuum_toroidal_field.b0;b0_like;.sigma_b0_eff;sawteeth.vacuum_toroidal_field.b0;[1];[1]
sawteeth.profiles_1d.grid.psi;psi_like;.fact_psi;sawteeth.profiles_1d{i}.grid.psi;sawteeth.profiles_1d;[1]
summary.global_quantities.ip.value;ip_like;.sigma_ip_eff;summary.global_quantities.ip.value;[1];[1]
summary.global_quantities.current_non_inductive.value;ip_like;.sigma_ip_eff;summary.global_quantities.current_non_inductive.value;[1];[1]
summary.global_quantities.current_bootstrap.value;ip_like;.sigma_ip_eff;summary.global_quantities.current_bootstrap.value;[1];[1]
summary.global_quantities.current_ohm;ip_like;.sigma_ip_eff;summary.global_quantities.current_ohm;[1];[1]
summary.global_quantities.v_loop.value;ip_like;.sigma_ip_eff;summary.global_quantities.v_loop.value;[1];[1]
summary.global_quantities.b0.value;b0_like;.sigma_b0_eff;summary.global_quantities.b0.value;[1];[1]
summary.global_quantities.q_95.value;q_like;.fact_q;summary.global_quantities.q_95.value;[1];[1]
summary.local.magnetic_axis.momentum_tor.value;tor_angle_like;.sigma_rphiz_eff;summary.local.magnetic_axis.momentum_tor.value;[1];[1]
summary.local.magnetic_axis.velocity_tor.hydrogen.value;tor_angle_like;.sigma_rphiz_eff;summary.local.magnetic_axis.velocity_tor.hydrogen.value;[1];[1]
summary.local.magnetic_axis.velocity_tor.deuterium.value;tor_angle_like;.sigma_rphiz_eff;summary.local.magnetic_axis.velocity_tor.deuterium.value;[1];[1]
summary.local.magnetic_axis.velocity_tor.tritium.value;tor_angle_like;.sigma_rphiz_eff;summary.local.magnetic_axis.velocity_tor.tritium.value;[1];[1]
summary.local.magnetic_axis.velocity_tor.helium_3.value;tor_angle_like;.sigma_rphiz_eff;summary.local.magnetic_axis.velocity_tor.helium_3.value;[1];[1]
summary.local.magnetic_axis.velocity_tor.helium_4.value;tor_angle_like;.sigma_rphiz_eff;summary.local.magnetic_axis.velocity_tor.helium_4.value;[1];[1]
summary.local.magnetic_axis.velocity_tor.beryllium.value;tor_angle_like;.sigma_rphiz_eff;summary.local.magnetic_axis.velocity_tor.beryllium.value;[1];[1]
summary.local.magnetic_axis.velocity_tor.lithium.value;tor_angle_like;.sigma_rphiz_eff;summary.local.magnetic_axis.velocity_tor.lithium.value;[1];[1]
summary.local.magnetic_axis.velocity_tor.carbon.value;tor_angle_like;.sigma_rphiz_eff;summary.local.magnetic_axis.velocity_tor.carbon.value;[1];[1]
summary.local.magnetic_axis.velocity_tor.nitrogen.value;tor_angle_like;.sigma_rphiz_eff;summary.local.magnetic_axis.velocity_tor.nitrogen.value;[1];[1]
summary.local.magnetic_axis.velocity_tor.neon.value;tor_angle_like;.sigma_rphiz_eff;summary.local.magnetic_axis.velocity_tor.neon.value;[1];[1]
summary.local.magnetic_axis.velocity_tor.argon.value;tor_angle_like;.sigma_rphiz_eff;summary.local.magnetic_axis.velocity_tor.argon.value;[1];[1]
summary.local.magnetic_axis.velocity_tor.xenon.value;tor_angle_like;.sigma_rphiz_eff;summary.local.magnetic_axis.velocity_tor.xenon.value;[1];[1]
summary.local.magnetic_axis.velocity_tor.oxygen.value;tor_angle_like;.sigma_rphiz_eff;summary.local.magnetic_axis.velocity_tor.oxygen.value;[1];[1]
summary.local.magnetic_axis.velocity_tor.tungsten.value;tor_angle_like;.sigma_rphiz_eff;summary.local.magnetic_axis.velocity_tor.tungsten.value;[1];[1]
summary.local.magnetic_axis.velocity_tor.iron.value;tor_angle_like;.sigma_rphiz_eff;summary.local.magnetic_axis.velocity_tor.iron.value;[1];[1]
summary.local.magnetic_axis.velocity_tor.krypton.value;tor_angle_like;.sigma_rphiz_eff;summary.local.magnetic_axis.velocity_tor.krypton.value;[1];[1]
summary.local.magnetic_axis.momentum_phi.value;tor_angle_like;.sigma_rphiz_eff;summary.local.magnetic_axis.momentum_phi.value;[1];[1]
summary.local.magnetic_axis.velocity_tor.hydrogen.value;tor_angle_like;.sigma_rphiz_eff;summary.local.magnetic_axis.velocity_tor.hydrogen.value;[1];[1]
summary.local.magnetic_axis.velocity_tor.deuterium.value;tor_angle_like;.sigma_rphiz_eff;summary.local.magnetic_axis.velocity_tor.deuterium.value;[1];[1]
summary.local.magnetic_axis.velocity_tor.tritium.value;tor_angle_like;.sigma_rphiz_eff;summary.local.magnetic_axis.velocity_tor.tritium.value;[1];[1]
summary.local.magnetic_axis.velocity_tor.helium_3.value;tor_angle_like;.sigma_rphiz_eff;summary.local.magnetic_axis.velocity_tor.helium_3.value;[1];[1]
summary.local.magnetic_axis.velocity_tor.helium_4.value;tor_angle_like;.sigma_rphiz_eff;summary.local.magnetic_axis.velocity_tor.helium_4.value;[1];[1]
summary.local.magnetic_axis.velocity_tor.beryllium.value;tor_angle_like;.sigma_rphiz_eff;summary.local.magnetic_axis.velocity_tor.beryllium.value;[1];[1]
summary.local.magnetic_axis.velocity_tor.lithium.value;tor_angle_like;.sigma_rphiz_eff;summary.local.magnetic_axis.velocity_tor.lithium.value;[1];[1]
summary.local.magnetic_axis.velocity_tor.carbon.value;tor_angle_like;.sigma_rphiz_eff;summary.local.magnetic_axis.velocity_tor.carbon.value;[1];[1]
summary.local.magnetic_axis.velocity_tor.nitrogen.value;tor_angle_like;.sigma_rphiz_eff;summary.local.magnetic_axis.velocity_tor.nitrogen.value;[1];[1]
summary.local.magnetic_axis.velocity_tor.neon.value;tor_angle_like;.sigma_rphiz_eff;summary.local.magnetic_axis.velocity_tor.neon.value;[1];[1]
summary.local.magnetic_axis.velocity_tor.argon.value;tor_angle_like;.sigma_rphiz_eff;summary.local.magnetic_axis.velocity_tor.argon.value;[1];[1]
summary.local.magnetic_axis.velocity_tor.xenon.value;tor_angle_like;.sigma_rphiz_eff;summary.local.magnetic_axis.velocity_tor.xenon.value;[1];[1]
summary.local.magnetic_axis.velocity_tor.oxygen.value;tor_angle_like;.sigma_rphiz_eff;summary.local.magnetic_axis.velocity_tor.oxygen.value;[1];[1]
summary.local.magnetic_axis.velocity_tor.tungsten.value;tor_angle_like;.sigma_rphiz_eff;summary.local.magnetic_axis.velocity_tor.tungsten.value;[1];[1]
summary.local.magnetic_axis.velocity_tor.iron.value;tor_angle_like;.sigma_rphiz_eff;summary.local.magnetic_axis.velocity_tor.iron.value;[1];[1]
summary.local.magnetic_axis.velocity_tor.krypton.value;tor_angle_like;.sigma_rphiz_eff;summary.local.magnetic_axis.velocity_tor.krypton.value;[1];[1]
summary.local.magnetic_axis.q.value;q_like;.fact_q;summary.local.magnetic_axis.q.value;[1];[1]
summary.local.magnetic_axis.b_field.value;b0_like;.sigma_b0_eff;summary.local.magnetic_axis.b_field.value;[1];[1]
summary.local.magnetic_axis.e_field_parallel.value;ip_like;.sigma_ip_eff;summary.local.magnetic_axis.e_field_parallel.value;[1];[1]
summary.local.separatrix.position.psi;psi_like;.fact_psi;summary.local.separatrix.position.psi;[1];[1]
summary.local.separatrix.momentum_tor.value;tor_angle_like;.sigma_rphiz_eff;summary.local.separatrix.momentum_tor.value;[1];[1]
summary.local.separatrix.velocity_tor.hydrogen.value;tor_angle_like;.sigma_rphiz_eff;summary.local.separatrix.velocity_tor.hydrogen.value;[1];[1]
summary.local.separatrix.velocity_tor.deuterium.value;tor_angle_like;.sigma_rphiz_eff;summary.local.separatrix.velocity_tor.deuterium.value;[1];[1]
summary.local.separatrix.velocity_tor.tritium.value;tor_angle_like;.sigma_rphiz_eff;summary.local.separatrix.velocity_tor.tritium.value;[1];[1]
summary.local.separatrix.velocity_tor.helium_3.value;tor_angle_like;.sigma_rphiz_eff;summary.local.separatrix.velocity_tor.helium_3.value;[1];[1]
summary.local.separatrix.velocity_tor.helium_4.value;tor_angle_like;.sigma_rphiz_eff;summary.local.separatrix.velocity_tor.helium_4.value;[1];[1]
summary.local.separatrix.velocity_tor.beryllium.value;tor_angle_like;.sigma_rphiz_eff;summary.local.separatrix.velocity_tor.beryllium.value;[1];[1]
summary.local.separatrix.velocity_tor.lithium.value;tor_angle_like;.sigma_rphiz_eff;summary.local.separatrix.velocity_tor.lithium.value;[1];[1]
summary.local.separatrix.velocity_tor.carbon.value;tor_angle_like;.sigma_rphiz_eff;summary.local.separatrix.velocity_tor.carbon.value;[1];[1]
summary.local.separatrix.velocity_tor.nitrogen.value;tor_angle_like;.sigma_rphiz_eff;summary.local.separatrix.velocity_tor.nitrogen.value;[1];[1]
summary.local.separatrix.velocity_tor.neon.value;tor_angle_like;.sigma_rphiz_eff;summary.local.separatrix.velocity_tor.neon.value;[1];[1]
summary.local.separatrix.velocity_tor.argon.value;tor_angle_like;.sigma_rphiz_eff;summary.local.separatrix.velocity_tor.argon.value;[1];[1]
summary.local.separatrix.velocity_tor.xenon.value;tor_angle_like;.sigma_rphiz_eff;summary.local.separatrix.velocity_tor.xenon.value;[1];[1]
summary.local.separatrix.velocity_tor.oxygen.value;tor_angle_like;.sigma_rphiz_eff;summary.local.separatrix.velocity_tor.oxygen.value;[1];[1]
summary.local.separatrix.velocity_tor.tungsten.value;tor_angle_like;.sigma_rphiz_eff;summary.local.separatrix.velocity_tor.tungsten.value;[1];[1]
summary.local.separatrix.velocity_tor.iron.value;tor_angle_like;.sigma_rphiz_eff;summary.local.separatrix.velocity_tor.iron.value;[1];[1]
summary.local.separatrix.velocity_tor.krypton.value;tor_angle_like;.sigma_rphiz_eff;summary.local.separatrix.velocity_tor.krypton.value;[1];[1]
summary.local.separatrix.momentum_phi.value;tor_angle_like;.sigma_rphiz_eff;summary.local.separatrix.momentum_phi.value;[1];[1]
summary.local.separatrix.velocity_tor.hydrogen.value;tor_angle_like;.sigma_rphiz_eff;summary.local.separatrix.velocity_tor.hydrogen.value;[1];[1]
summary.local.separatrix.velocity_tor.deuterium.value;tor_angle_like;.sigma_rphiz_eff;summary.local.separatrix.velocity_tor.deuterium.value;[1];[1]
summary.local.separatrix.velocity_tor.tritium.value;tor_angle_like;.sigma_rphiz_eff;summary.local.separatrix.velocity_tor.tritium.value;[1];[1]
summary.local.separatrix.velocity_tor.helium_3.value;tor_angle_like;.sigma_rphiz_eff;summary.local.separatrix.velocity_tor.helium_3.value;[1];[1]
summary.local.separatrix.velocity_tor.helium_4.value;tor_angle_like;.sigma_rphiz_eff;summary.local.separatrix.velocity_tor.helium_4.value;[1];[1]
summary.local.separatrix.velocity_tor.beryllium.value;tor_angle_like;.sigma_rphiz_eff;summary.local.separatrix.velocity_tor.beryllium.value;[1];[1]
summary.local.separatrix.velocity_tor.lithium.value;tor_angle_like;.sigma_rphiz_eff;summary.local.separatrix.velocity_tor.lithium.value;[1];[1]
summary.local.separatrix.velocity_tor.carbon.value;tor_angle_like;.sigma_rphiz_eff;summary.local.separatrix.velocity_tor.carbon.value;[1];[1]
summary.local.separatrix.velocity_tor.nitrogen.value;tor_angle_like;.sigma_rphiz_eff;summary.local.separatrix.velocity_tor.nitrogen.value;[1];[1]
summary.local.separatrix.velocity_tor.neon.value;tor_angle_like;.sigma_rphiz_eff;summary.local.separatrix.velocity_tor.neon.value;[1];[1]
summary.local.separatrix.velocity_tor.argon.value;tor_angle_like;.sigma_rphiz_eff;summary.local.separatrix.velocity_tor.argon.value;[1];[1]
summary.local.separatrix.velocity_tor.xenon.value;tor_angle_like;.sigma_rphiz_eff;summary.local.separatrix.velocity_tor.xenon.value;[1];[1]
summary.local.separatrix.velocity_tor.oxygen.value;tor_angle_like;.sigma_rphiz_eff;summary.local.separatrix.velocity_tor.oxygen.value;[1];[1]
summary.local.separatrix.velocity_tor.tungsten.value;tor_angle_like;.sigma_rphiz_eff;summary.local.separatrix.velocity_tor.tungsten.value;[1];[1]
summary.local.separatrix.velocity_tor.iron.value;tor_angle_like;.sigma_rphiz_eff;summary.local.separatrix.velocity_tor.iron.value;[1];[1]
summary.local.separatrix.velocity_tor.krypton.value;tor_angle_like;.sigma_rphiz_eff;summary.local.separatrix.velocity_tor.krypton.value;[1];[1]
summary.local.separatrix.q.value;q_like;.fact_q;summary.local.separatrix.q.value;[1];[1]
summary.local.separatrix.e_field_parallel.value;ip_like;.sigma_ip_eff;summary.local.separatrix.e_field_parallel.value;[1];[1]
summary.local.separatrix_average.position.psi;psi_like;.fact_psi;summary.local.separatrix_average.position.psi;[1];[1]
summary.local.separatrix_average.momentum_tor.value;tor_angle_like;.sigma_rphiz_eff;summary.local.separatrix_average.momentum_tor.value;[1];[1]
summary.local.separatrix_average.velocity_tor.hydrogen.value;tor_angle_like;.sigma_rphiz_eff;summary.local.separatrix_average.velocity_tor.hydrogen.value;[1];[1]
summary.local.separatrix_average.velocity_tor.deuterium.value;tor_angle_like;.sigma_rphiz_eff;summary.local.separatrix_average.velocity_tor.deuterium.value;[1];[1]
summary.local.separatrix_average.velocity_tor.tritium.value;tor_angle_like;.sigma_rphiz_eff;summary.local.separatrix_average.velocity_tor.tritium.value;[1];[1]
summary.local.separatrix_average.velocity_tor.helium_3.value;tor_angle_like;.sigma_rphiz_eff;summary.local.separatrix_average.velocity_tor.helium_3.value;[1];[1]
summary.local.separatrix_average.velocity_tor.helium_4.value;tor_angle_like;.sigma_rphiz_eff;summary.local.separatrix_average.velocity_tor.helium_4.value;[1];[1]
summary.local.separatrix_average.velocity_tor.beryllium.value;tor_angle_like;.sigma_rphiz_eff;summary.local.separatrix_average.velocity_tor.beryllium.value;[1];[1]
summary.local.separatrix_average.velocity_tor.lithium.value;tor_angle_like;.sigma_rphiz_eff;summary.local.separatrix_average.velocity_tor.lithium.value;[1];[1]
summary.local.separatrix_average.velocity_tor.carbon.value;tor_angle_like;.sigma_rphiz_eff;summary.local.separatrix_average.velocity_tor.carbon.value;[1];[1]
summary.local.separatrix_average.velocity_tor.nitrogen.value;tor_angle_like;.sigma_rphiz_eff;summary.local.separatrix_average.velocity_tor.nitrogen.value;[1];[1]
summary.local.separatrix_average.velocity_tor.neon.value;tor_angle_like;.sigma_rphiz_eff;summary.local.separatrix_average.velocity_tor.neon.value;[1];[1]
summary.local.separatrix_average.velocity_tor.argon.value;tor_angle_like;.sigma_rphiz_eff;summary.local.separatrix_average.velocity_tor.argon.value;[1];[1]
summary.local.separatrix_average.velocity_tor.xenon.value;tor_angle_like;.sigma_rphiz_eff;summary.local.separatrix_average.velocity_tor.xenon.value;[1];[1]
summary.local.separatrix_average.velocity_tor.oxygen.value;tor_angle_like;.sigma_rphiz_eff;summary.local.separatrix_average.velocity_tor.oxygen.value;[1];[1]
summary.local.separatrix_average.velocity_tor.tungsten.value;tor_angle_like;.sigma_rphiz_eff;summary.local.separatrix_average.velocity_tor.tungsten.value;[1];[1]
summary.local.separatrix_average.velocity_tor.iron.value;tor_angle_like;.sigma_rphiz_eff;summary.local.separatrix_average.velocity_tor.iron.value;[1];[1]
summary.local.separatrix_average.velocity_tor.krypton.value;tor_angle_like;.sigma_rphiz_eff;summary.local.separatrix_average.velocity_tor.krypton.value;[1];[1]
summary.local.separatrix_average.momentum_phi.value;tor_angle_like;.sigma_rphiz_eff;summary.local.separatrix_average.momentum_phi.value;[1];[1]
summary.local.separatrix_average.velocity_tor.hydrogen.value;tor_angle_like;.sigma_rphiz_eff;summary.local.separatrix_average.velocity_tor.hydrogen.value;[1];[1]
summary.local.separatrix_average.velocity_tor.deuterium.value;tor_angle_like;.sigma_rphiz_eff;summary.local.separatrix_average.velocity_tor.deuterium.value;[1];[1]
summary.local.separatrix_average.velocity_tor.tritium.value;tor_angle_like;.sigma_rphiz_eff;summary.local.separatrix_average.velocity_tor.tritium.value;[1];[1]
summary.local.separatrix_average.velocity_tor.helium_3.value;tor_angle_like;.sigma_rphiz_eff;summary.local.separatrix_average.velocity_tor.helium_3.value;[1];[1]
summary.local.separatrix_average.velocity_tor.helium_4.value;tor_angle_like;.sigma_rphiz_eff;summary.local.separatrix_average.velocity_tor.helium_4.value;[1];[1]
summary.local.separatrix_average.velocity_tor.beryllium.value;tor_angle_like;.sigma_rphiz_eff;summary.local.separatrix_average.velocity_tor.beryllium.value;[1];[1]
summary.local.separatrix_average.velocity_tor.lithium.value;tor_angle_like;.sigma_rphiz_eff;summary.local.separatrix_average.velocity_tor.lithium.value;[1];[1]
summary.local.separatrix_average.velocity_tor.carbon.value;tor_angle_like;.sigma_rphiz_eff;summary.local.separatrix_average.velocity_tor.carbon.value;[1];[1]
summary.local.separatrix_average.velocity_tor.nitrogen.value;tor_angle_like;.sigma_rphiz_eff;summary.local.separatrix_average.velocity_tor.nitrogen.value;[1];[1]
summary.local.separatrix_average.velocity_tor.neon.value;tor_angle_like;.sigma_rphiz_eff;summary.local.separatrix_average.velocity_tor.neon.value;[1];[1]
summary.local.separatrix_average.velocity_tor.argon.value;tor_angle_like;.sigma_rphiz_eff;summary.local.separatrix_average.velocity_tor.argon.value;[1];[1]
summary.local.separatrix_average.velocity_tor.xenon.value;tor_angle_like;.sigma_rphiz_eff;summary.local.separatrix_average.velocity_tor.xenon.value;[1];[1]
summary.local.separatrix_average.velocity_tor.oxygen.value;tor_angle_like;.sigma_rphiz_eff;summary.local.separatrix_average.velocity_tor.oxygen.value;[1];[1]
summary.local.separatrix_average.velocity_tor.tungsten.value;tor_angle_like;.sigma_rphiz_eff;summary.local.separatrix_average.velocity_tor.tungsten.value;[1];[1]
summary.local.separatrix_average.velocity_tor.iron.value;tor_angle_like;.sigma_rphiz_eff;summary.local.separatrix_average.velocity_tor.iron.value;[1];[1]
summary.local.separatrix_average.velocity_tor.krypton.value;tor_angle_like;.sigma_rphiz_eff;summary.local.separatrix_average.velocity_tor.krypton.value;[1];[1]
summary.local.separatrix_average.q.value;q_like;.fact_q;summary.local.separatrix_average.q.value;[1];[1]
summary.local.separatrix_average.e_field_parallel.value;ip_like;.sigma_ip_eff;summary.local.separatrix_average.e_field_parallel.value;[1];[1]
summary.local.pedestal.position.psi;psi_like;.fact_psi;summary.local.pedestal.position.psi;[1];[1]
summary.local.pedestal.momentum_tor.value;tor_angle_like;.sigma_rphiz_eff;summary.local.pedestal.momentum_tor.value;[1];[1]
summary.local.pedestal.velocity_tor.hydrogen.value;tor_angle_like;.sigma_rphiz_eff;summary.local.pedestal.velocity_tor.hydrogen.value;[1];[1]
summary.local.pedestal.velocity_tor.deuterium.value;tor_angle_like;.sigma_rphiz_eff;summary.local.pedestal.velocity_tor.deuterium.value;[1];[1]
summary.local.pedestal.velocity_tor.tritium.value;tor_angle_like;.sigma_rphiz_eff;summary.local.pedestal.velocity_tor.tritium.value;[1];[1]
summary.local.pedestal.velocity_tor.helium_3.value;tor_angle_like;.sigma_rphiz_eff;summary.local.pedestal.velocity_tor.helium_3.value;[1];[1]
summary.local.pedestal.velocity_tor.helium_4.value;tor_angle_like;.sigma_rphiz_eff;summary.local.pedestal.velocity_tor.helium_4.value;[1];[1]
summary.local.pedestal.velocity_tor.beryllium.value;tor_angle_like;.sigma_rphiz_eff;summary.local.pedestal.velocity_tor.beryllium.value;[1];[1]
summary.local.pedestal.velocity_tor.lithium.value;tor_angle_like;.sigma_rphiz_eff;summary.local.pedestal.velocity_tor.lithium.value;[1];[1]
summary.local.pedestal.velocity_tor.carbon.value;tor_angle_like;.sigma_rphiz_eff;summary.local.pedestal.velocity_tor.carbon.value;[1];[1]
summary.local.pedestal.velocity_tor.nitrogen.value;tor_angle_like;.sigma_rphiz_eff;summary.local.pedestal.velocity_tor.nitrogen.value;[1];[1]
summary.local.pedestal.velocity_tor.neon.value;tor_angle_like;.sigma_rphiz_eff;summary.local.pedestal.velocity_tor.neon.value;[1];[1]
summary.local.pedestal.velocity_tor.argon.value;tor_angle_like;.sigma_rphiz_eff;summary.local.pedestal.velocity_tor.argon.value;[1];[1]
summary.local.pedestal.velocity_tor.xenon.value;tor_angle_like;.sigma_rphiz_eff;summary.local.pedestal.velocity_tor.xenon.value;[1];[1]
summary.local.pedestal.velocity_tor.oxygen.value;tor_angle_like;.sigma_rphiz_eff;summary.local.pedestal.velocity_tor.oxygen.value;[1];[1]
summary.local.pedestal.velocity_tor.tungsten.value;tor_angle_like;.sigma_rphiz_eff;summary.local.pedestal.velocity_tor.tungsten.value;[1];[1]
summary.local.pedestal.velocity_tor.iron.value;tor_angle_like;.sigma_rphiz_eff;summary.local.pedestal.velocity_tor.iron.value;[1];[1]
summary.local.pedestal.velocity_tor.krypton.value;tor_angle_like;.sigma_rphiz_eff;summary.local.pedestal.velocity_tor.krypton.value;[1];[1]
summary.local.pedestal.momentum_phi.value;tor_angle_like;.sigma_rphiz_eff;summary.local.pedestal.momentum_phi.value;[1];[1]
summary.local.pedestal.velocity_tor.hydrogen.value;tor_angle_like;.sigma_rphiz_eff;summary.local.pedestal.velocity_tor.hydrogen.value;[1];[1]
summary.local.pedestal.velocity_tor.deuterium.value;tor_angle_like;.sigma_rphiz_eff;summary.local.pedestal.velocity_tor.deuterium.value;[1];[1]
summary.local.pedestal.velocity_tor.tritium.value;tor_angle_like;.sigma_rphiz_eff;summary.local.pedestal.velocity_tor.tritium.value;[1];[1]
summary.local.pedestal.velocity_tor.helium_3.value;tor_angle_like;.sigma_rphiz_eff;summary.local.pedestal.velocity_tor.helium_3.value;[1];[1]
summary.local.pedestal.velocity_tor.helium_4.value;tor_angle_like;.sigma_rphiz_eff;summary.local.pedestal.velocity_tor.helium_4.value;[1];[1]
summary.local.pedestal.velocity_tor.beryllium.value;tor_angle_like;.sigma_rphiz_eff;summary.local.pedestal.velocity_tor.beryllium.value;[1];[1]
summary.local.pedestal.velocity_tor.lithium.value;tor_angle_like;.sigma_rphiz_eff;summary.local.pedestal.velocity_tor.lithium.value;[1];[1]
summary.local.pedestal.velocity_tor.carbon.value;tor_angle_like;.sigma_rphiz_eff;summary.local.pedestal.velocity_tor.carbon.value;[1];[1]
summary.local.pedestal.velocity_tor.nitrogen.value;tor_angle_like;.sigma_rphiz_eff;summary.local.pedestal.velocity_tor.nitrogen.value;[1];[1]
summary.local.pedestal.velocity_tor.neon.value;tor_angle_like;.sigma_rphiz_eff;summary.local.pedestal.velocity_tor.neon.value;[1];[1]
summary.local.pedestal.velocity_tor.argon.value;tor_angle_like;.sigma_rphiz_eff;summary.local.pedestal.velocity_tor.argon.value;[1];[1]
summary.local.pedestal.velocity_tor.xenon.value;tor_angle_like;.sigma_rphiz_eff;summary.local.pedestal.velocity_tor.xenon.value;[1];[1]
summary.local.pedestal.velocity_tor.oxygen.value;tor_angle_like;.sigma_rphiz_eff;summary.local.pedestal.velocity_tor.oxygen.value;[1];[1]
summary.local.pedestal.velocity_tor.tungsten.value;tor_angle_like;.sigma_rphiz_eff;summary.local.pedestal.velocity_tor.tungsten.value;[1];[1]
summary.local.pedestal.velocity_tor.iron.value;tor_angle_like;.sigma_rphiz_eff;summary.local.pedestal.velocity_tor.iron.value;[1];[1]
summary.local.pedestal.velocity_tor.krypton.value;tor_angle_like;.sigma_rphiz_eff;summary.local.pedestal.velocity_tor.krypton.value;[1];[1]
summary.local.pedestal.q.value;q_like;.fact_q;summary.local.pedestal.q.value;[1];[1]
summary.local.pedestal.e_field_parallel.value;ip_like;.sigma_ip_eff;summary.local.pedestal.e_field_parallel.value;[1];[1]
summary.local.itb.position.psi;psi_like;.fact_psi;summary.local.itb.position.psi;[1];[1]
summary.local.itb.momentum_tor.value;tor_angle_like;.sigma_rphiz_eff;summary.local.itb.momentum_tor.value;[1];[1]
summary.local.itb.velocity_tor.hydrogen.value;tor_angle_like;.sigma_rphiz_eff;summary.local.itb.velocity_tor.hydrogen.value;[1];[1]
summary.local.itb.velocity_tor.deuterium.value;tor_angle_like;.sigma_rphiz_eff;summary.local.itb.velocity_tor.deuterium.value;[1];[1]
summary.local.itb.velocity_tor.tritium.value;tor_angle_like;.sigma_rphiz_eff;summary.local.itb.velocity_tor.tritium.value;[1];[1]
summary.local.itb.velocity_tor.helium_3.value;tor_angle_like;.sigma_rphiz_eff;summary.local.itb.velocity_tor.helium_3.value;[1];[1]
summary.local.itb.velocity_tor.helium_4.value;tor_angle_like;.sigma_rphiz_eff;summary.local.itb.velocity_tor.helium_4.value;[1];[1]
summary.local.itb.velocity_tor.beryllium.value;tor_angle_like;.sigma_rphiz_eff;summary.local.itb.velocity_tor.beryllium.value;[1];[1]
summary.local.itb.velocity_tor.lithium.value;tor_angle_like;.sigma_rphiz_eff;summary.local.itb.velocity_tor.lithium.value;[1];[1]
summary.local.itb.velocity_tor.carbon.value;tor_angle_like;.sigma_rphiz_eff;summary.local.itb.velocity_tor.carbon.value;[1];[1]
summary.local.itb.velocity_tor.nitrogen.value;tor_angle_like;.sigma_rphiz_eff;summary.local.itb.velocity_tor.nitrogen.value;[1];[1]
summary.local.itb.velocity_tor.neon.value;tor_angle_like;.sigma_rphiz_eff;summary.local.itb.velocity_tor.neon.value;[1];[1]
summary.local.itb.velocity_tor.argon.value;tor_angle_like;.sigma_rphiz_eff;summary.local.itb.velocity_tor.argon.value;[1];[1]
summary.local.itb.velocity_tor.xenon.value;tor_angle_like;.sigma_rphiz_eff;summary.local.itb.velocity_tor.xenon.value;[1];[1]
summary.local.itb.velocity_tor.oxygen.value;tor_angle_like;.sigma_rphiz_eff;summary.local.itb.velocity_tor.oxygen.value;[1];[1]
summary.local.itb.velocity_tor.tungsten.value;tor_angle_like;.sigma_rphiz_eff;summary.local.itb.velocity_tor.tungsten.value;[1];[1]
summary.local.itb.velocity_tor.iron.value;tor_angle_like;.sigma_rphiz_eff;summary.local.itb.velocity_tor.iron.value;[1];[1]
summary.local.itb.velocity_tor.krypton.value;tor_angle_like;.sigma_rphiz_eff;summary.local.itb.velocity_tor.krypton.value;[1];[1]
summary.local.itb.momentum_phi.value;tor_angle_like;.sigma_rphiz_eff;summary.local.itb.momentum_phi.value;[1];[1]
summary.local.itb.velocity_tor.hydrogen.value;tor_angle_like;.sigma_rphiz_eff;summary.local.itb.velocity_tor.hydrogen.value;[1];[1]
summary.local.itb.velocity_tor.deuterium.value;tor_angle_like;.sigma_rphiz_eff;summary.local.itb.velocity_tor.deuterium.value;[1];[1]
summary.local.itb.velocity_tor.tritium.value;tor_angle_like;.sigma_rphiz_eff;summary.local.itb.velocity_tor.tritium.value;[1];[1]
summary.local.itb.velocity_tor.helium_3.value;tor_angle_like;.sigma_rphiz_eff;summary.local.itb.velocity_tor.helium_3.value;[1];[1]
summary.local.itb.velocity_tor.helium_4.value;tor_angle_like;.sigma_rphiz_eff;summary.local.itb.velocity_tor.helium_4.value;[1];[1]
summary.local.itb.velocity_tor.beryllium.value;tor_angle_like;.sigma_rphiz_eff;summary.local.itb.velocity_tor.beryllium.value;[1];[1]
summary.local.itb.velocity_tor.lithium.value;tor_angle_like;.sigma_rphiz_eff;summary.local.itb.velocity_tor.lithium.value;[1];[1]
summary.local.itb.velocity_tor.carbon.value;tor_angle_like;.sigma_rphiz_eff;summary.local.itb.velocity_tor.carbon.value;[1];[1]
summary.local.itb.velocity_tor.nitrogen.value;tor_angle_like;.sigma_rphiz_eff;summary.local.itb.velocity_tor.nitrogen.value;[1];[1]
summary.local.itb.velocity_tor.neon.value;tor_angle_like;.sigma_rphiz_eff;summary.local.itb.velocity_tor.neon.value;[1];[1]
summary.local.itb.velocity_tor.argon.value;tor_angle_like;.sigma_rphiz_eff;summary.local.itb.velocity_tor.argon.value;[1];[1]
summary.local.itb.velocity_tor.xenon.value;tor_angle_like;.sigma_rphiz_eff;summary.local.itb.velocity_tor.xenon.value;[1];[1]
summary.local.itb.velocity_tor.oxygen.value;tor_angle_like;.sigma_rphiz_eff;summary.local.itb.velocity_tor.oxygen.value;[1];[1]
summary.local.itb.velocity_tor.tungsten.value;tor_angle_like;.sigma_rphiz_eff;summary.local.itb.velocity_tor.tungsten.value;[1];[1]
summary.local.itb.velocity_tor.iron.value;tor_angle_like;.sigma_rphiz_eff;summary.local.itb.velocity_tor.iron.value;[1];[1]
summary.local.itb.velocity_tor.krypton.value;tor_angle_like;.sigma_rphiz_eff;summary.local.itb.velocity_tor.krypton.value;[1];[1]
summary.local.itb.q.value;q_like;.fact_q;summary.local.itb.q.value;[1];[1]
summary.local.itb.e_field_parallel.value;ip_like;.sigma_ip_eff;summary.local.itb.e_field_parallel.value;[1];[1]
summary.pedestal_fits.mtanh.b_field_tor_pedestal_top_hfs.value;b0_like;.sigma_b0_eff;summary.pedestal_fits.mtanh.b_field_tor_pedestal_top_hfs.value;[1];[1]
summary.pedestal_fits.mtanh.b_field_tor_pedestal_top_lfs.value;b0_like;.sigma_b0_eff;summary.pedestal_fits.mtanh.b_field_tor_pedestal_top_lfs.value;[1];[1]
summary.pedestal_fits.linear.b_field_tor_pedestal_top_hfs.value;b0_like;.sigma_b0_eff;summary.pedestal_fits.linear.b_field_tor_pedestal_top_hfs.value;[1];[1]
summary.pedestal_fits.linear.b_field_tor_pedestal_top_lfs.value;b0_like;.sigma_b0_eff;summary.pedestal_fits.linear.b_field_tor_pedestal_top_lfs.value;[1];[1]
summary.fusion.current.value;ip_like;.sigma_ip_eff;summary.fusion.current.value;[1];[1]
summary.heating_current_drive.ec.angle_tor.value;tor_angle_like;.sigma_rphiz_eff;summary.heating_current_drive.ec{i}.angle_tor.value;summary.heating_current_drive.ec;[1]
summary.heating_current_drive.ec.phi.value;tor_angle_like;.sigma_rphiz_eff;summary.heating_current_drive.ec{i}.phi.value;summary.heating_current_drive.ec;[1]
summary.heating_current_drive.ec.current.value;ip_like;.sigma_ip_eff;summary.heating_current_drive.ec{i}.current.value;summary.heating_current_drive.ec;[1]
summary.heating_current_drive.nbi.current.value;ip_like;.sigma_ip_eff;summary.heating_current_drive.nbi{i}.current.value;summary.heating_current_drive.nbi;[1]
summary.heating_current_drive.ic.current.value;ip_like;.sigma_ip_eff;summary.heating_current_drive.ic{i}.current.value;summary.heating_current_drive.ic;[1]
summary.heating_current_drive.lh.current.value;ip_like;.sigma_ip_eff;summary.heating_current_drive.lh{i}.current.value;summary.heating_current_drive.lh;[1]
tf.b_field_tor_vacuum_r.data;b0_like;.sigma_b0_eff;tf.b_field_tor_vacuum_r.data;[1];[1]
tf.b_field_tor_vacuum_r.data;b0_like;.sigma_b0_eff;tf.b_field_tor_vacuum_r.data;[1];[1]
transport_solver_numerics.solver_1d.grid.psi;psi_like;.fact_psi;transport_solver_numerics.solver_1d{i}.grid.psi;transport_solver_numerics.solver_1d;[1]
transport_solver_numerics.derivatives_1d.grid.psi;psi_like;.fact_psi;transport_solver_numerics.derivatives_1d{i}.grid.psi;transport_solver_numerics.derivatives_1d;[1]
transport_solver_numerics.vacuum_toroidal_field.b0;b0_like;.sigma_b0_eff;transport_solver_numerics.vacuum_toroidal_field.b0;[1];[1]
waves.coherent_wave.profiles_1d.grid.psi;psi_like;.fact_psi;waves.coherent_wave{i}.profiles_1d{j}.grid.psi;waves.coherent_wave;waves.coherent_wave{i}.profiles_1d
waves.vacuum_toroidal_field.b0;b0_like;.sigma_b0_eff;waves.vacuum_toroidal_field.b0;[1];[1]
